{
	"CameraMatrix": [
		[
			4198.74367619897,
			0,
			5650.38887243788
		],
		[
			0,
			4198.61619314766,
			4622.07527321347
		],
		[
			0,
			0,
			1.0000
		]
	],
	"Coefficient": [
		[
			-0.251665537478553,
			0.0679862324482149,
			-0.000263707661213339,
			-0.000165022608688405,
			-0.00856592608483224
		]
	]
}